model_name,colsample_bytree,learning_rate,max_depth,n_estimators,scale_pos_weight,subsample,train_accuracy,train_roc_auc,train_precision_1,train_recall_1,train_f1_1,val_accuracy,val_roc_auc,val_precision_1_at_0.5,val_recall_1_at_0.5,val_f1_1_at_0.5,best_threshold,val_precision_1,val_recall_1,val_f1_1
xgboost_model_273,0.8,0.03,7,1100,1,0.8,0.9725774347371586,0.9874887976111979,0.8810461635418307,0.6452059536171686,0.744904755561476,0.958700882117081,0.9562108521382056,0.7518248175182481,0.4991922455573506,0.6,0.27,0.5943889681407513,0.6731287022078621,0.6313131313131313
xgboost_model_269,0.8,0.03,7,900,1,0.8,0.9702719344722409,0.9852524202821852,0.8661800486618005,0.6161301488404292,0.7200647249190939,0.9586006415396953,0.9561776357270233,0.754950495049505,0.4927302100161551,0.5962854349951124,0.27,0.5907372400756143,0.6731287022078621,0.6292474200855777
xgboost_model_249,0.8,0.03,5,1100,1,0.8,0.9633053141065112,0.9753406302728016,0.8145648312611012,0.5291334948655821,0.6415331887808631,0.9581328521785619,0.956155632132668,0.7559322033898305,0.48034464189553044,0.5874217978268028,0.3,0.6096311475409836,0.6408185245018848,0.624835914938304
xgboost_model_265,0.8,0.03,7,700,1,0.8,0.9674938782524022,0.9821629101223135,0.8475661108303857,0.5805930541133033,0.6891262667762257,0.9586006415396953,0.9561475654269781,0.7566445182724253,0.4905761981690899,0.5952303168899052,0.27,0.5902415916627191,0.6709746903607969,0.6280241935483871
xgboost_model_293,0.8,0.05,5,900,1,0.8,0.9656322941875618,0.9788390174345298,0.8281011369421347,0.5630552671051113,0.6703296703296703,0.9580994386527666,0.9560823219880921,0.7461224489795918,0.4921917070543888,0.5931213497728748,0.36,0.6508120649651972,0.6042003231017771,0.6266406031834683
xgboost_model_261,0.8,0.03,6,1100,1,0.8,0.9674867183136913,0.9817420722443208,0.8480094466936572,0.580016153224876,0.6888660500171292,0.958299919807538,0.9560419500924333,0.7493857493857494,0.4927302100161551,0.594541910331384,0.29,0.6049627791563276,0.6564351103931072,0.6296487603305785
xgboost_model_297,0.8,0.05,5,1100,1,0.8,0.9672074807039652,0.9810476117092831,0.8410949757970289,0.5814007153571017,0.6875426388320371,0.9584001603849238,0.9560097216368826,0.747172859450727,0.498115239633818,0.5977382875605816,0.29,0.5995121951219512,0.66182014001077,0.6291272075761454
xgboost_model_257,0.8,0.03,6,900,1,0.8,0.9657683330230693,0.9792797801240067,0.8355785837651123,0.5582092996423215,0.6692951511378571,0.9581328521785619,0.9559364019005043,0.7516666666666667,0.4857296715131933,0.5901210336931633,0.28,0.5933429811866859,0.6623586429725363,0.6259541984732825
xgboost_model_289,0.8,0.05,5,700,1,0.8,0.9636060315323701,0.9760024040585955,0.8111111111111111,0.5390561901465328,0.6476744992028834,0.9579991980753809,0.9559134007587154,0.7491694352159468,0.4857296715131933,0.5893498856582816,0.3,0.5998008959681433,0.6488960689283791,0.6233833419555096
xgboost_model_278,0.8,0.03,8,700,5,0.8,0.954971145446995,0.9835551111852263,0.5940962329851218,0.8661589938848506,0.7047833638454678,0.9410251269713981,0.9558936512378883,0.5173192771084337,0.7399030694668821,0.6089076002658985,0.62,0.5959203496843127,0.6607431340872375,0.6266598569969356
xgboost_model_277,0.8,0.03,8,700,1,0.8,0.9718686008047771,0.9870431316671222,0.8801347881899871,0.6328602746048229,0.7362910262433721,0.9580326116011761,0.9558810667933398,0.7453061224489796,0.49165320409262253,0.5924724205061648,0.3,0.6146415861718353,0.6510500807754442,0.6323221757322176
xgboost_model_245,0.8,0.03,5,900,1,0.8,0.9621740437901851,0.9729965997739344,0.8055254604550379,0.5147109726548978,0.6280887011615628,0.9579657845495857,0.9558216263948135,0.7579672695951766,0.47388260635433493,0.583167660702452,0.29,0.6028084252758275,0.6472805600430802,0.6242534406647624
xgboost_model_290,0.8,0.05,5,700,5,0.8,0.9427276502513139,0.9725090240824956,0.5247370759887424,0.8174685589015807,0.6391808381072669,0.9376503608660786,0.9558165715150292,0.4984070796460177,0.7582121701669359,0.6014523707817172,0.69,0.6363131593559134,0.617124394184168,0.626571897211591
xgboost_model_313,0.8,0.05,7,700,1,0.8,0.9733578680566495,0.9878737647511964,0.8856830941983781,0.6552440290758048,0.7532329730088202,0.9581996792301524,0.9558116029614652,0.7404761904761905,0.5024232633279483,0.5986525505293552,0.28,0.6056475170399221,0.6698976844372644,0.636154436205574
xgboost_model_285,0.8,0.03,8,1100,1,0.8,0.9780333080348832,0.9920612701288014,0.9170266646804708,0.7102803738317757,0.800520156046814,0.9583333333333334,0.9557868273362604,0.7428343949044586,0.5024232633279483,0.5994217796337937,0.32,0.6366090712742981,0.6348949919224556,0.6357508762469668
xgboost_model_281,0.8,0.03,8,900,1,0.8,0.9751908123666462,0.9899148820984423,0.901885043263288,0.6734740971501096,0.7711209459013145,0.9581328521785619,0.9557857050953974,0.7439418416801292,0.49596122778675283,0.5951534733441034,0.28,0.6027330405075647,0.6650511577813678,0.6323604710701485
xgboost_model_266,0.8,0.03,7,700,5,0.8,0.9485200406684519,0.9780993517457915,0.5565337211972747,0.8388138917733934,0.6691210308329498,0.938819834268912,0.9557768806373299,0.5046863734679163,0.7539041464728056,0.6046210321744764,0.66,0.6133402813965607,0.633817985998923,0.6234110169491526
xgboost_model_301,0.8,0.05,6,700,1,0.8,0.9680953131041198,0.9821189415717129,0.8486504388143732,0.5913234106380524,0.6969944240446077,0.9580660251269714,0.9557727369787592,0.7459150326797386,0.49165320409262253,0.5926647192469977,0.27,0.5864168618266979,0.6742057081313947,0.627254509018036
xgboost_model_294,0.8,0.05,5,900,5,0.8,0.9454555869001762,0.9756602543009274,0.5393561941922413,0.8293527172031845,0.6536328089478949,0.9384188719593691,0.955748910941977,0.5025143678160919,0.7533656435110393,0.6028873087696617,0.67,0.6199261992619927,0.6332794830371568,0.6265316995205115
xgboost_model_253,0.8,0.03,6,700,1,0.8,0.9638351495711197,0.9762416616564205,0.8197736116024054,0.5347871235721703,0.6473011661196844,0.9579323710237905,0.9557390601610689,0.7521079258010118,0.48034464189553044,0.5862635557016103,0.28,0.5925387596899225,0.6585891222401723,0.6238204539658251
xgboost_model_305,0.8,0.05,6,900,1,0.8,0.9705296922658342,0.9851644985944839,0.8641382621219396,0.6230529595015576,0.7240547063555913,0.9583667468591286,0.9557262646968712,0.7457763475462591,0.4991922455573506,0.5980645161290322,0.32,0.6223628691983122,0.6354334948842219,0.6288302691180389
xgboost_model_270,0.8,0.03,7,900,5,0.8,0.952314808185242,0.9814964400632089,0.5784290738569754,0.8539286950501904,0.6896840928152083,0.9404570970328789,0.955711368627981,0.5138837467604591,0.7474421109316102,0.6090390522158842,0.57,0.5597240189736955,0.6989768443726441,0.6216475095785441
xgboost_model_298,0.8,0.05,5,1100,5,0.8,0.9483410422006787,0.9781565063255996,0.5552763819095478,0.8414676358601593,0.669051878354204,0.9385191125367549,0.9556946021576529,0.5030763662685487,0.7485191168551427,0.6017316017316018,0.67,0.6245353159851301,0.6332794830371568,0.6288770053475936
xgboost_model_314,0.8,0.05,7,700,5,0.8,0.957448484240975,0.9851251562958644,0.60896,0.8782739125418253,0.7192327679879057,0.9407578187650361,0.9556900364597831,0.5159090909090909,0.7334410339256866,0.6057371581054036,0.64,0.6113092205807438,0.6462035541195477,0.6282722513089005
xgboost_model_274,0.8,0.03,7,1100,5,0.8,0.9559806968052353,0.9841600457073871,0.6000635576388337,0.8714664820583824,0.7107368024842382,0.9408246458166266,0.955681576490201,0.5161897590361446,0.7382875605815832,0.6075781076888987,0.61,0.5875894988066825,0.6628971459343026,0.6229757085020243
xgboost_model_309,0.8,0.05,6,1100,1,0.8,0.9732504689759855,0.9876456960333418,0.8839744588070394,0.6548978885427483,0.7523860021208908,0.958299919807538,0.9556797252723674,0.7426294820717132,0.501884760366182,0.5989717223650386,0.34,0.6403995560488346,0.6214324178782983,0.6307734353648538
xgboost_model_317,0.8,0.05,7,900,1,0.8,0.9768877178411353,0.9908742425705825,0.9080270067516879,0.6982808353524864,0.7894599530393948,0.9581662657043571,0.9556577216780122,0.7372549019607844,0.5061927840603123,0.6002554278416348,0.29,0.6155388471177945,0.6612816370490038,0.6375908618899273
xgboost_model_325,0.8,0.05,8,700,1,0.8,0.9793936963899589,0.9927198502373591,0.9248495523264347,0.7270104995961694,0.8140826873385013,0.9577653033948142,0.9556351425755221,0.734017363851618,0.5008077544426495,0.5953905249679897,0.29,0.6118811881188119,0.6655896607431341,0.6376063966984782
xgboost_model_262,0.8,0.03,6,1100,5,0.8,0.9482121633038821,0.9783297241213438,0.5546410608139003,0.8397369331948771,0.668043508192207,0.9388866613205026,0.9556293299433603,0.5050614605929139,0.7522886375875067,0.6043694570625135,0.62,0.586905322656618,0.6709746903607969,0.6261306532663317
xgboost_model_282,0.8,0.03,8,900,5,0.8,0.9603339395414775,0.9870719707663362,0.6277891295463833,0.886235144802123,0.7349535929576118,0.9419272921678695,0.9555778699243036,0.5229818462726922,0.7291330102315563,0.6090868196131354,0.64,0.6174321503131524,0.6370490037695208,0.62708719851577
xgboost_model_254,0.8,0.03,6,700,5,0.8,0.9426059312932281,0.9725323636448473,0.5241666047961987,0.8145840544594438,0.6378749548247199,0.9372493985565357,0.9555158493309727,0.4963144963144963,0.7614431879375336,0.6009349766255844,0.69,0.6345831001678791,0.6106623586429726,0.6223929747530187
xgboost_model_241,0.8,0.03,5,700,1,0.8,0.9609210545157734,0.9702167327402464,0.7944576986603047,0.4994807892004154,0.6133465570983282,0.9580660251269714,0.9554890018764828,0.7635726795096323,0.46957458266020463,0.5815271757252417,0.28,0.5911089399120665,0.6515885837372105,0.6198770491803278
xgboost_model_302,0.8,0.05,6,700,5,0.8,0.9489925966233729,0.9790060020108029,0.5588078359631069,0.8458520826122072,0.673001009822822,0.9385859395883454,0.9554804172134712,0.503433321286592,0.7501346257404415,0.6025086505190311,0.66,0.6128364389233955,0.6375875067312871,0.6249670097651095
xgboost_model_258,0.8,0.03,6,900,5,0.8,0.945756304326035,0.9757147436663622,0.5410675299254687,0.8292373370254991,0.6548519362186788,0.9385191125367549,0.9554772135515207,0.5030476873431338,0.7555196553581045,0.6039603960396039,0.6,0.5712371594461814,0.6887452880990845,0.62451171875
xgboost_model_250,0.8,0.03,5,1100,5,0.8,0.9414030615897928,0.9718746660692712,0.5177325794845437,0.8135456328602746,0.6327739387956565,0.9366813686180165,0.9554728013224869,0.4933098591549296,0.7544426494345718,0.5965509899936129,0.6,0.5655414291977203,0.6946688206785138,0.6234896085065249
xgboost_model_286,0.8,0.03,8,1100,5,0.8,0.964651382584165,0.9897362154101932,0.6561453449430676,0.9042344525210568,0.760467711416234,0.9427960438385459,0.9554710652062802,0.528758429194764,0.7178244480344642,0.6089538602101416,0.66,0.6395089285714286,0.617124394184168,0.6281172924088791
xgboost_model_246,0.8,0.03,5,900,5,0.8,0.939770595563702,0.9696108452233888,0.5093113269553786,0.8046613591784931,0.6237924865831842,0.935912857524726,0.9553520788994029,0.48940604376519625,0.7587506731287023,0.5950168918918919,0.68,0.6208198489751888,0.6198169089929995,0.6203179735920237
xgboost_model_321,0.8,0.05,7,1100,1,0.8,0.9802672089126917,0.9929939383821091,0.9253129946754929,0.7418945425175955,0.8235143442622951,0.9583333333333334,0.9553261522579284,0.7375389408099688,0.5099623047926763,0.6029926774912449,0.3,0.6274101094319958,0.6483575659666129,0.6377118644067796
xgboost_model_263,0.8,0.03,6,1100,10,0.8,0.9219781478670542,0.9776964741185891,0.43845899105861574,0.9165801315334026,0.5931678178084749,0.913124832932371,0.9552586739291189,0.4024166009981613,0.8249865374259558,0.5409604519774012,0.77,0.5977238990598713,0.650511577813678,0.6230015471892728
xgboost_model_267,0.8,0.03,7,700,10,0.8,0.9212907937508055,0.9775307283473442,0.43607782785533694,0.9154263297565478,0.5907449462045344,0.9128241112002139,0.9552312797419007,0.4019300991131977,0.8298330640818524,0.5415568441398699,0.76,0.5861902462578464,0.6537425955842757,0.6181262729124236
xgboost_model_329,0.8,0.05,8,900,1,0.8,0.983381782251944,0.9952046707295297,0.9431564245810056,0.7791623399100035,0.8533518670626146,0.9579657845495857,0.9552148489846513,0.7363851617995264,0.5024232633279483,0.5973111395646606,0.32,0.6334405144694534,0.6365105008077544,0.6349717969379532
xgboost_model_259,0.8,0.03,6,900,10,0.8,0.9180974610857331,0.9751078648412507,0.4251296456352636,0.9080419983846775,0.5791235880643144,0.9104183373429564,0.9552004996484893,0.3948979591836735,0.8336025848142165,0.5359182966937857,0.77,0.5921951219512195,0.6537425955842757,0.6214486818530842
xgboost_model_255,0.8,0.03,6,700,10,0.8,0.9129709449687111,0.971828326041572,0.40850907564788586,0.8984654436367832,0.5616502578527895,0.9068096765570703,0.9551907735610106,0.3847675568743818,0.8379106085083468,0.5273682426707338,0.77,0.5858585858585859,0.6558966074313409,0.6189024390243902
xgboost_model_242,0.8,0.03,5,700,5,0.8,0.937579654318159,0.9667236667591644,0.49815096802262343,0.7926618206992039,0.611808709591237,0.9348436246992783,0.9551245901255043,0.48404802744425385,0.7598276790522348,0.5913663034367141,0.68,0.6217391304347826,0.6160473882606354,0.6188801731133351
xgboost_model_318,0.8,0.05,7,900,5,0.8,0.9629616370483869,0.9887325221884624,0.6443086073021642,0.8999653859466944,0.7509748230876618,0.9418938786420743,0.9551099818106817,0.5231736056559309,0.7172859450726979,0.6050420168067226,0.63,0.6110260336906586,0.6445880452342488,0.6273584905660378
xgboost_model_306,0.8,0.05,6,900,5,0.8,0.9534961980725445,0.9824955123175871,0.5849499374217773,0.8628129687319719,0.6972169129644306,0.9395215183106121,0.9550773792748433,0.5087588520313082,0.7350565428109854,0.6013215859030837,0.65,0.6083630800611932,0.6424340333871836,0.6249345206914615
xgboost_model_303,0.8,0.05,6,700,10,0.8,0.9230807784285366,0.978240849438946,0.4422306322350846,0.9168108918887735,0.596658532006758,0.9135257952419139,0.9550735137785376,0.4036890645586298,0.8249865374259558,0.5421089879688605,0.75,0.5794349235757295,0.6736672051696284,0.62300796812749
xgboost_model_271,0.8,0.03,7,900,10,0.8,0.9275414202454427,0.9810178376711869,0.4585307380558251,0.9268489673474097,0.6135339494386314,0.9161320502539428,0.9550215262103574,0.4117805998378817,0.8206785137318255,0.5483987045699892,0.75,0.5836501901140685,0.6612816370490038,0.6200454430699318
xgboost_model_310,0.8,0.05,6,1100,5,0.8,0.9577563616055447,0.985333769213026,0.610582687235233,0.8813891773393331,0.7214090093493247,0.9402900294039027,0.9549470074986982,0.5133384146341463,0.7253634894991923,0.6012050881499665,0.69,0.6456783056668575,0.6074313408723748,0.6259711431742508
xgboost_model_251,0.8,0.03,5,1100,10,0.8,0.9123551902395716,0.9711717510091943,0.40642999266938945,0.8955809391946463,0.559121195750045,0.9072440523924085,0.9548951829911563,0.38606496404661544,0.8384491114701131,0.5286926994906621,0.79,0.6049510056730273,0.6316639741518578,0.6180189673340358
xgboost_model_275,0.8,0.03,7,1100,10,0.8,0.9327538556269959,0.983930451493401,0.47864003299746627,0.9372331833391023,0.633668772915204,0.9181368618016573,0.9548870875100596,0.41788978122403764,0.8126009693053312,0.5519385515727872,0.78,0.6214057507987221,0.6284329563812601,0.6248995983935743
xgboost_model_291,0.8,0.05,5,700,10,0.8,0.9130926639267968,0.9716875862522405,0.40877792378449407,0.8973116418599285,0.5616784630940344,0.9070101577118418,0.9548707238954258,0.38556599110232326,0.840064620355412,0.5285448077248857,0.78,0.5987071108901044,0.6483575659666129,0.6225439503619442
xgboost_model_247,0.8,0.03,5,900,10,0.8,0.9090544584938353,0.9688180038398164,0.39630981137893817,0.8896965501326872,0.5483572749253307,0.905239240844694,0.9548040704616095,0.3809292143030893,0.8432956381260097,0.524798927613941,0.78,0.5925373134328358,0.6413570274636511,0.6159813809154383
xgboost_model_307,0.8,0.05,6,900,10,0.8,0.9296822419200091,0.9819963403893879,0.4665855918461895,0.929618091611861,0.6213225371120108,0.9163659449345095,0.954801336797969,0.41184497816593885,0.8126009693053312,0.5466401014309002,0.77,0.6052366565961732,0.6472805600430802,0.6255529534218058
xgboost_model_279,0.8,0.03,8,700,10,0.8,0.9303839159136797,0.982810996279566,0.4693557748113755,0.9330794969424253,0.6245511063057497,0.9173683507083668,0.9547641014216451,0.4155701754385965,0.8163704900376952,0.550772025431426,0.76,0.5957128614157527,0.6435110393107162,0.6186901371990681
xgboost_model_295,0.8,0.05,5,900,10,0.8,0.918104621024444,0.9748669646046928,0.42499052568891776,0.9057343948309681,0.5785245780823937,0.9103849238171612,0.9547619048989305,0.3947972456006121,0.8336025848142165,0.5358255451713395,0.77,0.5932781295664881,0.6558966074313409,0.6230179028132993
xgboost_model_252,0.8,0.03,5,1100,15,0.8,0.8898801426259791,0.9711124116758327,0.35338313021447604,0.9334256374754817,0.5126742712294043,0.8841553060678963,0.9547400164062023,0.33497334973349735,0.8799138395261173,0.4852264291017075,0.84,0.595309381237525,0.6424340333871836,0.617974617974618
xgboost_model_315,0.8,0.05,7,700,10,0.8,0.9341357237982043,0.9844669967556687,0.48417043561056894,0.9387331256490135,0.6388441757292608,0.9191392675755146,0.954685122521941,0.4213027676824154,0.8115239633817986,0.5546558704453441,0.77,0.6073997944501541,0.6365105008077544,0.6216145148566921
xgboost_model_299,0.8,0.05,5,1100,10,0.8,0.9220927068864291,0.9775763919425785,0.43881273491045764,0.9160032306449752,0.5933704548002541,0.9125233894680567,0.9546764035736983,0.4006786739754633,0.8266020463112547,0.539732770745429,0.81,0.6349471341124096,0.6144318793753366,0.6245210727969349
xgboost_model_333,0.8,0.05,8,1100,1,0.8,0.9866610341815474,0.9967463003920156,0.9556656844361103,0.8232375677858544,0.884522407487758,0.9581328521785619,0.954658428536287,0.735202492211838,0.5083467959073775,0.6010824578159821,0.25,0.5942371280113368,0.6774367259019924,0.6331152491192753
xgboost_model_326,0.8,0.05,8,700,5,0.8,0.9661979293457248,0.9904424316016218,0.6661613609567122,0.9126572054920965,0.7701669831069569,0.9437984496124031,0.9546340845421835,0.5354969574036511,0.7108239095315024,0.6108283202221194,0.63,0.6108808290155441,0.6348949919224556,0.6226564562978611
xgboost_model_243,0.8,0.03,5,700,10,0.8,0.9055747282803259,0.9660303913020973,0.3861610515183562,0.8847352024922118,0.5376525031552377,0.9024659182036888,0.9545542423802771,0.3743492664458116,0.8519116855142703,0.520138089758343,0.77,0.5789222699093943,0.6537425955842757,0.6140617096611026
xgboost_model_248,0.8,0.03,5,900,15,0.8,0.8852977818509874,0.9687664941241584,0.3431594215263854,0.9281181493019499,0.5010589261243303,0.8810144346431436,0.9545487175021827,0.3293269230769231,0.8852988691437803,0.48007008322382827,0.84,0.5939212755356253,0.6418955304254174,0.6169772256728778
xgboost_model_264,0.8,0.03,6,1100,15,0.8,0.9028038319991981,0.9777211225072983,0.3849507735583685,0.947386638975424,0.5474547454745474,0.8936113338679498,0.954493881168735,0.3540796129316033,0.8669897684437264,0.5028107432854466,0.84,0.6079751424132573,0.6322024771136241,0.6198521647307286
xgboost_model_311,0.8,0.05,6,1100,10,0.8,0.9351381152177337,0.9849759073736646,0.48827610958248596,0.9418483904465212,0.643135710064999,0.9191726811013098,0.9544864858892024,0.42088963963963966,0.8050619278406032,0.5527823997041967,0.77,0.6107692307692307,0.6413570274636511,0.6256895193065406
xgboost_model_260,0.8,0.03,6,900,15,0.8,0.8970400813369037,0.9749709264614481,0.37025934505155106,0.9405792084919811,0.5313518446095685,0.889501470195135,0.9544739589954674,0.34541577825159914,0.8723747980613893,0.49488315258897203,0.83,0.5886977886977887,0.6451265481960151,0.6156217882836588
xgboost_model_322,0.8,0.05,7,1100,5,0.8,0.9679592742686123,0.9913996130452232,0.6781404045554988,0.9206184377523942,0.7809915333039691,0.9435645549318364,0.9544657867799528,0.5338436744560838,0.7135164243403339,0.6107398017976492,0.64,0.6268817204301075,0.6278944534194938,0.6273876782351359
xgboost_model_256,0.8,0.03,6,700,15,0.8,0.8903741783970329,0.9718155143402261,0.35450245269796776,0.9338871581862236,0.5139210768595829,0.8842221331194867,0.9544320236360423,0.33497536945812806,0.8788368336025848,0.4850646455639768,0.82,0.5728971962616822,0.6602046311254712,0.6134600950713035
xgboost_model_283,0.8,0.03,8,900,10,0.8,0.9373505362794095,0.9863855419860472,0.49747582263852563,0.9436944732894889,0.6515054962561734,0.9208099438652767,0.9544290885445548,0.42677704824436197,0.8050619278406032,0.5578358208955224,0.75,0.596903096903097,0.6435110393107162,0.6193314330137342
xgboost_model_268,0.8,0.03,7,700,15,0.8,0.9010568069537325,0.9775397782738757,0.38054164347987385,0.9468097380869966,0.5428864410704244,0.8910050788559208,0.9544238897877366,0.3483049017490823,0.8686052773290253,0.4972256473489519,0.82,0.5817655571635311,0.6494345718901454,0.6137404580152672
xgboost_model_244,0.8,0.03,5,700,15,0.8,0.8795984706370914,0.9659646901566348,0.33133253301320525,0.923502942194531,0.4876919327321472,0.8771384656508955,0.9543461002715113,0.32247366367538044,0.8901453957996769,0.4734354861807246,0.84,0.5906374501992032,0.6386645126548196,0.613712807244502
xgboost_model_292,0.8,0.05,5,700,15,0.8,0.8914911288359372,0.9718026176444363,0.3569286407338802,0.9337717780085382,0.5164481031237038,0.8851577118417535,0.9543414290638169,0.3365742656185354,0.8761443187937533,0.4863249140636676,0.82,0.5752539242843951,0.6709746903607969,0.6194382301764852
xgboost_model_272,0.8,0.03,7,900,15,0.8,0.9087394211905546,0.9809939639209578,0.4011343254641524,0.9547709703472943,0.5649235390496996,0.8965183106121358,0.9542923765871244,0.3602344454463481,0.8605277329025309,0.5078658827268393,0.83,0.6027678113787801,0.6332794830371568,0.6176470588235294
xgboost_model_330,0.8,0.05,8,900,5,0.8,0.9727850729597755,0.9936282025931755,0.7140971488912354,0.9363101419176185,0.8102441216115022,0.9450013365410318,0.9540759759366236,0.5444584913611462,0.6957458266020463,0.6108747044917258,0.61,0.6058133605303416,0.6397415185783522,0.6223153483499214
xgboost_model_287,0.8,0.03,8,1100,10,0.8,0.9441166783612333,0.9892804443754024,0.5274487326455228,0.9555786315910927,0.6797160326644507,0.923616680032077,0.9540735971696664,0.4362934362934363,0.7910608508346796,0.5624042879019908,0.74,0.5985037406483791,0.6462035541195477,0.6214396685655101
xgboost_model_280,0.8,0.03,8,700,15,0.8,0.9126630676041413,0.9830233868254277,0.4123081507971986,0.9577708549671167,0.5764583333333333,0.8989240844693932,0.9540480733838863,0.3659935750344195,0.8589122240172321,0.5132743362831859,0.84,0.6224156692056583,0.6160473882606354,0.6192151556156968
xgboost_model_296,0.8,0.05,5,900,15,0.8,0.8976629960047542,0.9748681730231065,0.3716111364673665,0.9394254067151263,0.5325571507996206,0.8897687784014969,0.9540169192101873,0.345610278372591,0.8691437802907916,0.4945610540830397,0.84,0.6024217961654894,0.6429725363489499,0.6220369887991665
xgboost_model_276,0.8,0.03,7,1100,15,0.8,0.9156845617401516,0.9839689988957971,0.4215651647409052,0.9640013845621322,0.5866039457979358,0.9011962042234697,0.9539443476343843,0.37089201877934275,0.8508346795907378,0.5165931011933954,0.82,0.5998988366211432,0.6386645126548196,0.6186750130412102
xgboost_model_319,0.8,0.05,7,900,10,0.8,0.9427491300674467,0.9883471393243447,0.5211578482689033,0.9535017883927541,0.6739520469743925,0.9235164394546913,0.9539080234792738,0.43617021276595747,0.7948303715670436,0.5632512879221523,0.79,0.6352874859075536,0.6068928379106086,0.6207656293032222
xgboost_model_327,0.8,0.05,8,700,10,0.8,0.9467372159294316,0.9901151699639662,0.5398649526035579,0.9593861774547133,0.6909302422202833,0.9250200481154771,0.9538299462089812,0.44148775325068035,0.786214324178783,0.5654531371030209,0.77,0.6260917030567685,0.6176628971459343,0.6218487394957983
xgboost_model_300,0.8,0.05,5,1100,15,0.8,0.9029183910185729,0.9775113425679804,0.385250516044286,0.9475020191531095,0.5477770736750825,0.8937115744453354,0.95382353888508,0.3540564373897707,0.8648357565966612,0.5024245268262162,0.83,0.5963796477495108,0.6564351103931072,0.6249679569341194
xgboost_model_284,0.8,0.03,8,900,15,0.8,0.9222430655993584,0.9868449532491937,0.4422925109204779,0.9696550132687204,0.6074887957206881,0.9057404437316225,0.9537883177872282,0.3820939334637965,0.8411416262789445,0.5254835996635828,0.82,0.6086054950751685,0.6322024771136241,0.6201796090861067
xgboost_model_288,0.8,0.03,8,1100,15,0.8,0.9306130339524293,0.989788590043404,0.47144450641383157,0.9753086419753086,0.6356355979997744,0.9112870890136328,0.953518682634255,0.39732372619660317,0.8314485729671514,0.5376980672122584,0.8,0.5974219137332673,0.6488960689283791,0.6220960247805886
xgboost_model_334,0.8,0.05,8,1100,5,0.8,0.9777898701187118,0.995755956582594,0.7550178718724223,0.9505019037729318,0.841556849524977,0.9465383587276129,0.9531560453666923,0.5562363238512035,0.6844372644049542,0.613713182037663,0.64,0.6414228341939185,0.6020463112547119,0.6211111111111111
xgboost_model_304,0.8,0.05,6,700,15,0.8,0.9038133833574384,0.978291414527236,0.3875654512005283,0.9479635398638514,0.5501908524743856,0.8934442662389736,0.9530789560520311,0.35291519434628976,0.8605277329025309,0.5005481597494127,0.83,0.593103448275862,0.6483575659666129,0.6195009004373553
xgboost_model_323,0.8,0.05,7,1100,10,0.8,0.949644151046067,0.9910371377250664,0.5543073650624833,0.9621553017191646,0.7033866138079372,0.9268243785084203,0.9530610865244444,0.44859524544612533,0.782444803446419,0.5702511773940345,0.74,0.604251012145749,0.6429725363489499,0.6230106965823115
xgboost_model_331,0.8,0.05,8,900,10,0.8,0.9563458536794925,0.9933819393393281,0.5901627841706427,0.9704626745125188,0.7339761769710721,0.9294306335204491,0.9527488541776912,0.45885769603097776,0.7657512116316639,0.5738498789346247,0.75,0.6197107659346546,0.6230479267635972,0.621374865735768
xgboost_model_308,0.8,0.05,6,900,15,0.8,0.9123623501782825,0.9819962985527446,0.41149368342828835,0.958347755855544,0.5757659780951061,0.8985231221598503,0.9526268560449083,0.3635522664199815,0.8465266558966075,0.5086555573531791,0.83,0.6004077471967381,0.6343564889606893,0.6169154228855721
xgboost_model_328,0.8,0.05,8,700,15,0.8,0.9334340498045337,0.9902970558718235,0.4820492363802143,0.9760009230414215,0.6453557123784093,0.9116880513231757,0.9522488143429365,0.39733542319749215,0.8190630048465266,0.5350923482849604,0.83,0.6265998887033946,0.6063543349488422,0.6163108921729611
xgboost_model_316,0.8,0.05,7,700,15,0.8,0.9174602265404608,0.9846129308945594,0.42697432232375315,0.9650398061613015,0.5920158550396376,0.9016305800588078,0.952173729714945,0.3711169077543277,0.8427571351642434,0.515311162331248,0.82,0.5951316443119722,0.6451265481960151,0.6191214470284238
xgboost_model_312,0.8,0.05,6,1100,15,0.8,0.9192788509730356,0.9850118049751878,0.43264610137963105,0.9660782277604707,0.597644539614561,0.9038692862870891,0.9521735954297134,0.3769305019305019,0.8411416262789445,0.5205799033494417,0.81,0.5856246985045828,0.6537425955842757,0.6178117048346056
xgboost_model_335,0.8,0.05,8,1100,10,0.8,0.9638566293872525,0.9955869801417123,0.6358381502890174,0.9772701049959617,0.770420229215936,0.932604918470997,0.9517742887021594,0.47282608695652173,0.7495961227786753,0.5798791918350343,0.76,0.6424870466321243,0.6009693053311793,0.6210350584307178
xgboost_model_332,0.8,0.05,8,900,15,0.8,0.9447181132129508,0.9935476846701871,0.5294007956240676,0.982692973347179,0.6881034134518279,0.9179029671210907,0.9514046206435497,0.4157303370786517,0.7969843834141088,0.5464279121284844,0.83,0.6341743119266054,0.5955842757135165,0.6142738128297696
xgboost_model_320,0.8,0.05,7,900,15,0.8,0.9273552618389587,0.9883108585872458,0.45967610011451004,0.9726548978885428,0.6243057098422573,0.9078454958567228,0.9510545965959423,0.38632349230381025,0.8244480344641896,0.5261168384879725,0.83,0.6186623516720604,0.6176628971459343,0.6181622204257613
xgboost_model_336,0.8,0.05,8,1100,15,0.8,0.9540045537210201,0.9957237978558277,0.5754456777665657,0.9869620399215415,0.7270100288968213,0.922514033680834,0.9502640594383267,0.431044776119403,0.7775982767905224,0.5546379873247551,0.79,0.6095238095238096,0.6203554119547657,0.6148919135308246
xgboost_model_324,0.8,0.05,7,1100,15,0.8,0.9357037503758968,0.9912904506735084,0.4909417144180124,0.9786546671281874,0.6538698735738514,0.91299117882919,0.9500922990354848,0.4002137323002939,0.806677436725902,0.535,0.82,0.6167377398720683,0.6230479267635972,0.6198767747120278
